sep=;
Export Date/Time;Thu Dec 07 2023 18:42:16 GMT+0000 (Coordinated Universal Time),User Email;nicholasjennings@berkeley.edu,Saved Library Name;Inks
Exported From; Saved Library
Index;Original Library Name;Saved Collection Name;Original Color Name;User Color Name;Scan Type;DE00 to Scan;Match Degree;Scan Reference Index;Nix Device;Note;Date Saved;Illuminant;Observer;Measurement Mode;L;a;b;L;c;h;X;Y;Z;sRGB R;sRGB G;sRGB B;HEX;Density Status;Density C;Density M;Density Y;Density K;R400 nm;R410 nm;R420 nm;R430 nm;R440 nm;R450 nm;R460 nm;R470 nm;R480 nm;R490 nm;R500 nm;R510 nm;R520 nm;R530 nm;R540 nm;R550 nm;R560 nm;R570 nm;R580 nm;R590 nm;R600 nm;R610 nm;R620 nm;R630 nm;R640 nm;R650 nm;R660 nm;R670 nm;R680 nm;R690 nm;R700 nm
1;"-";"12/7";"-";"Pineider violet";Scan;"-";"-";"-";Nix Spectro 2;"-";Thu Dec 07 2023 18:39:13 GMT+0000 (Coordinated Universal Time);D50;2;M2;5.28117730e+1;3.61084054e+1;-4.96259192e+1;5.28117730e+1;6.13722152e+1;3.06040079e+2;2.84097304e-1;2.08744132e-1;4.91440146e-1;151;104;213;#9768d5;T;0.61;0.78;0.25;0.67;4.37977612e-1;5.70042133e-1;6.79928720e-1;7.26469398e-1;7.07483709e-1;6.84628010e-1;6.29619658e-1;5.54407954e-1;4.63420689e-1;3.63681138e-1;2.71959066e-1;1.98299557e-1;1.58046037e-1;1.37487069e-1;1.41118824e-1;1.50957495e-1;1.62659869e-1;1.78224519e-1;1.89259082e-1;2.00356007e-1;2.10722551e-1;2.30365470e-1;2.67310262e-1;3.18791032e-1;3.61057937e-1;4.29480433e-1;5.22260368e-1;6.22205853e-1;7.05299079e-1;7.63988793e-1;7.74625361e-1
