sep=;
Export Date/Time;Thu Dec 07 2023 18:42:30 GMT+0000 (Coordinated Universal Time),User Email;nicholasjennings@berkeley.edu,Saved Library Name;Inks
Exported From; Saved Library
Index;Original Library Name;Saved Collection Name;Original Color Name;User Color Name;Scan Type;DE00 to Scan;Match Degree;Scan Reference Index;Nix Device;Note;Date Saved;Illuminant;Observer;Measurement Mode;L;a;b;L;c;h;X;Y;Z;sRGB R;sRGB G;sRGB B;HEX;Density Status;Density C;Density M;Density Y;Density K;R400 nm;R410 nm;R420 nm;R430 nm;R440 nm;R450 nm;R460 nm;R470 nm;R480 nm;R490 nm;R500 nm;R510 nm;R520 nm;R530 nm;R540 nm;R550 nm;R560 nm;R570 nm;R580 nm;R590 nm;R600 nm;R610 nm;R620 nm;R630 nm;R640 nm;R650 nm;R660 nm;R670 nm;R680 nm;R690 nm;R700 nm
1;"-";"12/7";"-";"Purple jade rabbit";Scan;"-";"-";"-";Nix Spectro 2;"-";Thu Dec 07 2023 18:39:52 GMT+0000 (Coordinated Universal Time);D50;2;M2;7.48428122e+1;1.27200560e+1;-1.69017864e+1;7.48428122e+1;2.11534916e+1;3.06964624e+2;5.09712715e-1;4.80283584e-1;5.38986775e-1;197;177;216;#c5b1d8;T;0.29;0.36;0.20;0.31;4.12056357e-1;5.30752540e-1;6.62688255e-1;7.36387312e-1;7.40620971e-1;7.23244250e-1;6.72986567e-1;6.10549688e-1;5.58643997e-1;5.13349235e-1;4.67565507e-1;4.38267469e-1;4.29520458e-1;4.24073935e-1;4.10417616e-1;4.14622426e-1;4.52480465e-1;5.19636869e-1;5.57249129e-1;5.66774428e-1;5.44921458e-1;4.98940945e-1;4.51727211e-1;4.39532489e-1;4.40717876e-1;5.03262758e-1;6.33301556e-1;7.57179976e-1;8.41810167e-1;8.86343300e-1;8.72809052e-1
