sep=;
Export Date/Time;Thu Dec 07 2023 18:44:00 GMT+0000 (Coordinated Universal Time),User Email;nicholasjennings@berkeley.edu,Saved Library Name;Inks
Exported From; Saved Library
Index;Original Library Name;Saved Collection Name;Original Color Name;User Color Name;Scan Type;DE00 to Scan;Match Degree;Scan Reference Index;Nix Device;Note;Date Saved;Illuminant;Observer;Measurement Mode;L;a;b;L;c;h;X;Y;Z;sRGB R;sRGB G;sRGB B;HEX;Density Status;Density C;Density M;Density Y;Density K;R400 nm;R410 nm;R420 nm;R430 nm;R440 nm;R450 nm;R460 nm;R470 nm;R480 nm;R490 nm;R500 nm;R510 nm;R520 nm;R530 nm;R540 nm;R550 nm;R560 nm;R570 nm;R580 nm;R590 nm;R600 nm;R610 nm;R620 nm;R630 nm;R640 nm;R650 nm;R660 nm;R670 nm;R680 nm;R690 nm;R700 nm
1;"-";"12/7";"-";"Violet lion";Scan;"-";"-";"-";Nix Spectro 2;"-";Thu Dec 07 2023 18:38:53 GMT+0000 (Coordinated Universal Time);D50;2;M2;4.58363981e+1;2.59574232e+1;-2.64432452e+1;4.58363981e+1;3.70544604e+1;3.14468809e+2;1.93025783e-1;1.51481147e-1;2.42993565e-1;135;93;153;#875d99;T;0.71;0.90;0.55;0.80;2.47638524e-1;2.99523741e-1;3.39148253e-1;3.59603465e-1;3.44344676e-1;3.31376165e-1;3.03145796e-1;2.68727213e-1;2.31260657e-1;1.95688725e-1;1.69246912e-1;1.45783246e-1;1.25882387e-1;1.13788478e-1;1.12462461e-1;1.12991586e-1;1.12391710e-1;1.18810996e-1;1.36333957e-1;1.64652273e-1;1.87648371e-1;1.93501130e-1;1.97710767e-1;2.20851198e-1;2.43342146e-1;2.98561931e-1;3.89969289e-1;4.91766632e-1;5.84186316e-1;6.55545294e-1;6.83346093e-1
