sep=;
Export Date/Time;Thu Apr 11 2024 18:55:29 GMT+0000 (Coordinated Universal Time),User Email;varun.nealsri@gmail.com,Saved Library Name;041124
Exported From; Saved Library
Index;Original Library Name;Saved Collection Name;Original Color Name;User Color Name;Scan Type;DE00 to Scan;Match Degree;Scan Reference Index;Nix Device;Note;Date Saved;Illuminant;Observer;Measurement Mode;L;a;b;L;c;h;X;Y;Z;sRGB R;sRGB G;sRGB B;HEX;Density Status;Density C;Density M;Density Y;Density K;R400 nm;R410 nm;R420 nm;R430 nm;R440 nm;R450 nm;R460 nm;R470 nm;R480 nm;R490 nm;R500 nm;R510 nm;R520 nm;R530 nm;R540 nm;R550 nm;R560 nm;R570 nm;R580 nm;R590 nm;R600 nm;R610 nm;R620 nm;R630 nm;R640 nm;R650 nm;R660 nm;R670 nm;R680 nm;R690 nm;R700 nm
1;"-";"Mets";"-";"25 100 10 0";Scan;"-";"-";"-";Nix Spectro 2;"-";Thu Apr 11 2024 18:55:02 GMT+0000 (Coordinated Universal Time);D50;2;M2;5.06295051e+1;2.85516699e+1;4.75188054e+0;5.06295051e+1;2.89443988e+1;9.44917920e+0;2.42821521e-1;1.89507235e-1;1.37768811e-1;167;101;114;#a76572;T;0.53;0.95;0.79;0.67;1.06359370e-1;1.20468199e-1;1.33258432e-1;1.46345153e-1;1.63691178e-1;1.79532066e-1;1.92785934e-1;1.95163175e-1;1.68990165e-1;1.35471657e-1;1.13976456e-1;9.04989615e-2;7.39669576e-2;6.71398565e-2;9.78954285e-2;1.56588212e-1;2.06703141e-1;2.25285500e-1;2.28343293e-1;2.48330519e-1;2.73239523e-1;2.94559449e-1;3.16654056e-1;3.40240002e-1;3.58717144e-1;3.84061605e-1;4.02593464e-1;4.24286962e-1;4.47092146e-1;4.63766664e-1;4.78736877e-1
2;"-";"Mets";"-";"0 0 45 65";Scan;"-";"-";"-";Nix Spectro 2;"-";Thu Apr 11 2024 18:55:22 GMT+0000 (Coordinated Universal Time);D50;2;M2;5.97616361e+1;4.60609933e+1;1.78075801e+1;5.97616361e+1;4.93834488e+1;2.11369348e+1;3.99083526e-1;2.78595480e-1;1.48110478e-1;222;107;116;#de6b74;T;0.22;0.72;0.72;0.49;1.16546407e-1;1.21171676e-1;1.24430321e-1;1.26826152e-1;1.38692647e-1;1.51522189e-1;1.72611505e-1;2.03305379e-1;2.46931508e-1;2.94954032e-1;3.12346071e-1;2.70513654e-1;2.13659734e-1;1.74713761e-1;1.62521437e-1;1.43940151e-1;1.16848677e-1;1.03156291e-1;1.24562994e-1;2.07479730e-1;3.98712784e-1;6.55230522e-1;8.36735487e-1;9.14373815e-1;9.56947088e-1;9.68195915e-1;9.61942196e-1;9.59653378e-1;9.58990037e-1;9.58060563e-1;9.57044065e-1
