sep=;
Export Date/Time;Wed Apr 10 2024 20:35:21 GMT+0000 (Coordinated Universal Time),User Email;nicholasjennings@berkeley.edu,Saved Library Name;4/10
Exported From; Saved Library
Index;Original Library Name;Saved Collection Name;Original Color Name;User Color Name;Scan Type;DE00 to Scan;Match Degree;Scan Reference Index;Nix Device;Note;Date Saved;Illuminant;Observer;Measurement Mode;L;a;b;L;c;h;X;Y;Z;sRGB R;sRGB G;sRGB B;HEX;Density Status;Density C;Density M;Density Y;Density K;R400 nm;R410 nm;R420 nm;R430 nm;R440 nm;R450 nm;R460 nm;R470 nm;R480 nm;R490 nm;R500 nm;R510 nm;R520 nm;R530 nm;R540 nm;R550 nm;R560 nm;R570 nm;R580 nm;R590 nm;R600 nm;R610 nm;R620 nm;R630 nm;R640 nm;R650 nm;R660 nm;R670 nm;R680 nm;R690 nm;R700 nm
1;"-";"Nan ";"-";"TestOut ";Scan;"-";"-";"-";Nix Spectro 2;"-";Wed Apr 10 2024 20:34:51 GMT+0000 (Coordinated Universal Time);D50;2;M2;5.75304441e+1;4.09516026e+1;1.49359290e+1;5.75304441e+1;4.35903169e+1;2.00379988e+1;3.53611484e-1;2.54699211e-1;1.44302585e-1;207;107;115;#cf6b73;T;0.28;0.74;0.73;0.53;1.13353126e-1;1.19162545e-1;1.23197079e-1;1.25112846e-1;1.35017022e-1;1.47631705e-1;1.68528900e-1;1.98141247e-1;2.39385843e-1;2.85204381e-1;3.02795887e-1;2.62669057e-1;2.07245827e-1;1.69477120e-1;1.57102749e-1;1.37870833e-1;1.11354023e-1;9.85628068e-2;1.18983723e-1;1.95145100e-1;3.59850615e-1;5.68905592e-1;7.14842379e-1;7.82677889e-1;8.21802795e-1;8.40140998e-1;8.42267513e-1;8.48471701e-1;8.55678678e-1;8.59961569e-1;8.64606500e-1
2;"-";"Nan ";"-";"TestIn";Scan;"-";"-";"-";Nix Spectro 2;"-";Wed Apr 10 2024 20:35:04 GMT+0000 (Coordinated Universal Time);D50;2;M2;5.22744377e+1;2.71303016e+1;1.08787303e+1;5.22744377e+1;2.92301221e+1;2.18498381e+1;2.56136411e-1;2.03892114e-1;1.25783921e-1;172;106;108;#ac6a6c;T;0.51;0.92;0.83;0.64;9.44247544e-2;1.08270429e-1;1.18715167e-1;1.28225043e-1;1.43490106e-1;1.58447638e-1;1.73812240e-1;1.82585776e-1;1.64587334e-1;1.36231840e-1;1.16840638e-1;9.38298851e-2;7.59284422e-2;6.73549399e-2;9.72754359e-2;1.64924413e-1;2.32040510e-1;2.65843600e-1;2.67494529e-1;2.77588367e-1;2.91686982e-1;3.06313783e-1;3.25473219e-1;3.47938269e-1;3.65903497e-1;3.91540349e-1;4.10046637e-1;4.31935251e-1;4.55473959e-1;4.73056555e-1;4.86558884e-1
