sep=;
Export Date/Time;Sun Jan 21 2024 03:39:22 GMT+0000 (Coordinated Universal Time),User Email;nicholasjennings@berkeley.edu,Saved Library Name;Conf
Exported From; Saved Library
Index;Original Library Name;Saved Collection Name;Original Color Name;User Color Name;Scan Type;DE00 to Scan;Match Degree;Scan Reference Index;Nix Device;Note;Date Saved;Illuminant;Observer;Measurement Mode;L;a;b;L;c;h;X;Y;Z;sRGB R;sRGB G;sRGB B;HEX;Density Status;Density C;Density M;Density Y;Density K;R400 nm;R410 nm;R420 nm;R430 nm;R440 nm;R450 nm;R460 nm;R470 nm;R480 nm;R490 nm;R500 nm;R510 nm;R520 nm;R530 nm;R540 nm;R550 nm;R560 nm;R570 nm;R580 nm;R590 nm;R600 nm;R610 nm;R620 nm;R630 nm;R640 nm;R650 nm;R660 nm;R670 nm;R680 nm;R690 nm;R700 nm
1;"-";"Iter";"-";"Outer";Scan;"-";"-";"-";Nix Spectro 2;"-";Tue Jan 16 2024 22:31:25 GMT+0000 (Coordinated Universal Time);D50;2;M2;5.76821804e+1;2.97141845e+1;1.75245285e+1;5.76821804e+1;3.44969833e+1;3.05308199e+1;3.23159701e-1;2.56279247e-1;1.35481505e-1;193;117;110;#c1756e;T;0.41;0.85;0.79;0.54;1.12661682e-1;1.28374904e-1;1.38541445e-1;1.45663917e-1;1.54134080e-1;1.66945025e-1;1.82879418e-1;1.93474963e-1;1.77345276e-1;1.49524808e-1;1.29821271e-1;1.06031410e-1;8.63870308e-2;7.61960596e-2;1.07632935e-1;1.94171071e-1;2.95905650e-1;3.62191468e-1;3.65236878e-1;3.63733500e-1;3.69460255e-1;3.85926813e-1;4.11253363e-1;4.38466132e-1;4.59829867e-1;4.88372177e-1;5.06597161e-1;5.26619613e-1;5.47826946e-1;5.66669345e-1;5.81030250e-1
2;"-";"Iter";"-";"Inner";Scan;"-";"-";"-";Nix Spectro 2;"-";Tue Jan 16 2024 22:31:37 GMT+0000 (Coordinated Universal Time);D50;2;M2;5.89879635e+1;2.89319380e+1;1.38905435e+1;5.89879635e+1;3.20936790e+1;2.56461775e+1;3.36876796e-1;2.70147349e-1;1.58518948e-1;194;122;119;#c27a77;T;0.33;0.66;0.69;0.53;1.23515628e-1;1.34745955e-1;1.40714884e-1;1.42667547e-1;1.50533155e-1;1.63464561e-1;1.85675442e-1;2.15654135e-1;2.55226642e-1;3.00114632e-1;3.22384417e-1;2.93833554e-1;2.45545626e-1;2.11283684e-1;2.00298443e-1;1.82175249e-1;1.54359326e-1;1.39160797e-1;1.58810660e-1;2.29030594e-1;3.58216286e-1;5.03623664e-1;6.03724837e-1;6.57658756e-1;6.91484749e-1;7.17391431e-1;7.27898598e-1;7.40409791e-1;7.52609789e-1;7.62840807e-1;7.70044744e-1
