sep=;
Export Date/Time;Sun Jan 21 2024 04:44:32 GMT+0000 (Coordinated Universal Time),User Email;nicholasjennings@berkeley.edu,Saved Library Name;Test
Exported From; Saved Library
Index;Original Library Name;Saved Collection Name;Original Color Name;User Color Name;Scan Type;DE00 to Scan;Match Degree;Scan Reference Index;Nix Device;Note;Date Saved;Illuminant;Observer;Measurement Mode;L;a;b;L;c;h;X;Y;Z;sRGB R;sRGB G;sRGB B;HEX;Density Status;Density C;Density M;Density Y;Density K;R400 nm;R410 nm;R420 nm;R430 nm;R440 nm;R450 nm;R460 nm;R470 nm;R480 nm;R490 nm;R500 nm;R510 nm;R520 nm;R530 nm;R540 nm;R550 nm;R560 nm;R570 nm;R580 nm;R590 nm;R600 nm;R610 nm;R620 nm;R630 nm;R640 nm;R650 nm;R660 nm;R670 nm;R680 nm;R690 nm;R700 nm
1;"-";"89t";"-";"Out";Scan;"-";"-";"-";Nix Spectro 2;"-";Sun Jan 21 2024 04:44:07 GMT+0000 (Coordinated Universal Time);D50;2;M2;6.00612056e+1;2.76087311e+1;1.50205624e+1;6.00612056e+1;3.14302295e+1;2.85484529e+1;3.46444579e-1;2.81913353e-1;1.61506265e-1;196;125;120;#c47d78;T;0.38;0.77;0.71;0.50;1.30130738e-1;1.45582572e-1;1.60078198e-1;1.70856282e-1;1.83581173e-1;1.99630916e-1;2.17901111e-1;2.29075894e-1;2.11852700e-1;1.82559177e-1;1.61807939e-1;1.36649728e-1;1.14646770e-1;1.02898680e-1;1.33904099e-1;2.19026044e-1;3.19405377e-1;3.86957407e-1;3.91794026e-1;3.90113115e-1;3.93893600e-1;4.08557832e-1;4.32306796e-1;4.57877725e-1;4.78016734e-1;5.04428864e-1;5.20170927e-1;5.38320363e-1;5.57667851e-1;5.73533237e-1;5.85347295e-1
2;"-";"89t";"-";"Ins";Scan;"-";"-";"-";Nix Spectro 2;"-";Sun Jan 21 2024 04:44:20 GMT+0000 (Coordinated Universal Time);D50;2;M2;6.11084415e+1;2.71072056e+1;1.32338513e+1;6.11084415e+1;3.01651358e+1;2.60218241e+1;3.58309518e-1;2.93718843e-1;1.76963907e-1;197;129;126;#c5817e;T;0.31;0.61;0.65;0.49;1.35951355e-1;1.50728047e-1;1.59331247e-1;1.64198935e-1;1.75491244e-1;1.90041095e-1;2.11731374e-1;2.38882318e-1;2.72153258e-1;3.10815006e-1;3.32220018e-1;3.09235781e-1;2.67183363e-1;2.37118036e-1;2.26691663e-1;2.10070103e-1;1.84480116e-1;1.69731602e-1;1.86605513e-1;2.52530634e-1;3.77505511e-1;5.22256196e-1;6.22610390e-1;6.74773991e-1;7.07015634e-1;7.30320871e-1;7.38175511e-1;7.47438788e-1;7.57072031e-1;7.65285492e-1;7.70485699e-1
