sep=;
Export Date/Time;Fri Dec 08 2023 05:10:08 GMT+0000 (Coordinated Universal Time),User Email;nicholasjennings@berkeley.edu,Saved Library Name;ConfusionColors
Exported From; Saved Library
Index;Original Library Name;Saved Collection Name;Original Color Name;User Color Name;Scan Type;DE00 to Scan;Match Degree;Scan Reference Index;Nix Device;Note;Date Saved;Illuminant;Observer;Measurement Mode;L;a;b;L;c;h;X;Y;Z;sRGB R;sRGB G;sRGB B;HEX;Density Status;Density C;Density M;Density Y;Density K;R400 nm;R410 nm;R420 nm;R430 nm;R440 nm;R450 nm;R460 nm;R470 nm;R480 nm;R490 nm;R500 nm;R510 nm;R520 nm;R530 nm;R540 nm;R550 nm;R560 nm;R570 nm;R580 nm;R590 nm;R600 nm;R610 nm;R620 nm;R630 nm;R640 nm;R650 nm;R660 nm;R670 nm;R680 nm;R690 nm;R700 nm
1;"-";"12/7";"-";"Conf1";Scan;"-";"-";"-";Nix Spectro 2;"-";Fri Dec 08 2023 05:08:50 GMT+0000 (Coordinated Universal Time);D50;2;M2;6.34779290e+1;3.06083645e+1;4.31105374e+1;6.34779290e+1;5.28714518e+1;5.46253516e+1;4.00904480e-1;3.21636744e-1;8.54582397e-2;217;131;78;#d9834e;T;0.30;0.79;0.98;0.43;7.34962150e-2;7.54677877e-2;7.69249275e-2;8.06960389e-2;8.94433782e-2;9.78436396e-2;1.09736428e-1;1.23321824e-1;1.25779301e-1;1.20587319e-1;1.13710329e-1;9.52470750e-2;8.05701315e-2;7.44080767e-2;1.19428769e-1;2.43531495e-1;3.94592315e-1;4.98448044e-1;5.06744266e-1;4.97914881e-1;4.90159750e-1;4.94890779e-1;5.13765633e-1;5.35593987e-1;5.53204000e-1;5.75811148e-1;5.79637289e-1;5.84028542e-1;5.95570147e-1;6.14416361e-1;6.37711346e-1
2;"-";"12/7";"-";"Conf2";Scan;"-";"-";"-";Nix Spectro 2;"-";Fri Dec 08 2023 05:09:05 GMT+0000 (Coordinated Universal Time);D50;2;M2;6.44470336e+1;2.98552616e+1;4.69726971e+1;6.44470336e+1;5.56576223e+1;5.75604684e+1;4.12041239e-1;3.33546306e-1;7.96151428e-2;220;134;72;#dc8648;T;0.22;0.61;0.97;0.42;6.18371628e-2;5.74466549e-2;5.66512868e-2;5.83751425e-2;6.42829537e-2;6.97571933e-2;8.11328739e-2;1.00176595e-1;1.34894401e-1;1.87543362e-1;2.37972632e-1;2.56403029e-1;2.48746216e-1;2.43020266e-1;2.44501188e-1;2.39665583e-1;2.29735836e-1;2.37444058e-1;2.87991494e-1;3.93588662e-1;5.20130515e-1;6.24064445e-1;6.96167707e-1;7.40384936e-1;7.69897640e-1;7.91020036e-1;7.89071858e-1;7.88514793e-1;7.88124084e-1;7.88518488e-1;7.89455950e-1
