sep=;
Export Date/Time;Tue Oct 24 2023 19:47:12 GMT+0000 (Coordinated Universal Time),User Email;nicholasjennings@berkeley.edu,Saved Library Name;Metamers 
Exported From; Saved Library
Index;Original Library Name;Saved Collection Name;Original Color Name;User Color Name;Scan Type;DE00 to Scan;Match Degree;Scan Reference Index;Nix Device;Note;Date Saved;Illuminant;Observer;Measurement Mode;L;a;b;L;c;h;X;Y;Z;sRGB R;sRGB G;sRGB B;HEX;Density Status;Density C;Density M;Density Y;Density K;R400 nm;R410 nm;R420 nm;R430 nm;R440 nm;R450 nm;R460 nm;R470 nm;R480 nm;R490 nm;R500 nm;R510 nm;R520 nm;R530 nm;R540 nm;R550 nm;R560 nm;R570 nm;R580 nm;R590 nm;R600 nm;R610 nm;R620 nm;R630 nm;R640 nm;R650 nm;R660 nm;R670 nm;R680 nm;R690 nm;R700 nm
1;"-";"10/24";"-";"00 80 20";Scan;"-";"-";"-";Nix Spectro 2;"-";Tue Oct 24 2023 19:46:18 GMT+0000 (Coordinated Universal Time);D50;2;M2;6.18523454e+1;5.27467784e+1;7.66220594e+0;6.18523454e+1;5.33003943e+1;8.26519908e+0;4.51675064e-1;3.02302080e-1;2.09134369e-1;234;106;139;#ea6a8b;T;0.18;0.83;0.60;0.45;1.96010694e-1;2.14588881e-1;2.28433147e-1;2.38748997e-1;2.53471613e-1;2.68877953e-1;2.76919484e-1;2.74231702e-1;2.53805608e-1;2.26244614e-1;2.00580329e-1;1.71541214e-1;1.42035350e-1;1.20829940e-1;1.16609149e-1;1.31308034e-1;1.56373516e-1;2.06068292e-1;2.94122756e-1;4.37166870e-1;5.92721939e-1;7.07834363e-1;7.70030618e-1;7.97309279e-1;8.14156234e-1;8.26166511e-1;8.26856196e-1;8.27921450e-1;8.28715444e-1;8.30030441e-1;8.29802394e-1
