sep=;
Export Date/Time;Tue Oct 17 2023 19:00:24 GMT+0000 (Coordinated Universal Time),User Email;nicholasjennings@berkeley.edu,Saved Library Name;Cmy2
Exported From; Saved Library
Index;Original Library Name;Saved Collection Name;Original Color Name;User Color Name;Scan Type;DE00 to Scan;Match Degree;Scan Reference Index;Nix Device;Note;Date Saved;Illuminant;Observer;Measurement Mode;L;a;b;L;c;h;X;Y;Z;sRGB R;sRGB G;sRGB B;HEX;Density Status;Density C;Density M;Density Y;Density K;R400 nm;R410 nm;R420 nm;R430 nm;R440 nm;R450 nm;R460 nm;R470 nm;R480 nm;R490 nm;R500 nm;R510 nm;R520 nm;R530 nm;R540 nm;R550 nm;R560 nm;R570 nm;R580 nm;R590 nm;R600 nm;R610 nm;R620 nm;R630 nm;R640 nm;R650 nm;R660 nm;R670 nm;R680 nm;R690 nm;R700 nm
1;"-";"Cmy2";"-";"000";Scan;"-";"-";"-";Nix Spectro 2;"-";Tue Oct 17 2023 18:59:35 GMT+0000 (Coordinated Universal Time);D50;2;M2;9.28067848e+1;1.61553390e-1;-2.05388844e+0;9.28067848e+1;2.06023233e+0;2.74497473e+2;7.96560603e-1;8.25266021e-1;7.03631633e-1;233;234;238;#e9eaee;T;0.08;0.08;0.07;0.08;5.45176744e-1;6.74215794e-1;7.98679471e-1;8.44633400e-1;8.61419499e-1;8.66220474e-1;8.64026368e-1;8.59795690e-1;8.58844399e-1;8.56732965e-1;8.52390707e-1;8.47078502e-1;8.42715263e-1;8.23797464e-1;8.21471214e-1;8.18665385e-1;8.15236092e-1;8.13552558e-1;8.12854290e-1;8.15857351e-1;8.16999376e-1;8.21964264e-1;8.28862190e-1;8.30875635e-1;8.34213436e-1;8.41593623e-1;8.43785882e-1;8.45849693e-1;8.46882522e-1;8.47528100e-1;8.47328365e-1
