sep=;
Export Date/Time;Tue Oct 17 2023 19:01:11 GMT+0000 (Coordinated Universal Time),User Email;nicholasjennings@berkeley.edu,Saved Library Name;Cmy2
Exported From; Saved Library
Index;Original Library Name;Saved Collection Name;Original Color Name;User Color Name;Scan Type;DE00 to Scan;Match Degree;Scan Reference Index;Nix Device;Note;Date Saved;Illuminant;Observer;Measurement Mode;L;a;b;L;c;h;X;Y;Z;sRGB R;sRGB G;sRGB B;HEX;Density Status;Density C;Density M;Density Y;Density K;R400 nm;R410 nm;R420 nm;R430 nm;R440 nm;R450 nm;R460 nm;R470 nm;R480 nm;R490 nm;R500 nm;R510 nm;R520 nm;R530 nm;R540 nm;R550 nm;R560 nm;R570 nm;R580 nm;R590 nm;R600 nm;R610 nm;R620 nm;R630 nm;R640 nm;R650 nm;R660 nm;R670 nm;R680 nm;R690 nm;R700 nm
1;"-";"Cmy2";"-";"001";Scan;"-";"-";"-";Nix Spectro 2;"-";Tue Oct 17 2023 18:57:25 GMT+0000 (Coordinated Universal Time);D50;2;M2;8.57617319e+1;4.67770506e+0;7.15726971e+1;8.57617319e+1;7.17253923e+1;8.62606951e+1;6.72011243e-1;6.75117712e-1;1.15625152e-1;250;209;67;#fad143;T;0.09;0.23;0.83;0.14;7.53361732e-2;7.23062605e-2;7.55248219e-2;8.23301524e-2;9.37639475e-2;1.03644289e-1;1.21347390e-1;1.46805793e-1;1.82563320e-1;2.31961831e-1;2.95431077e-1;3.90832782e-1;4.97920334e-1;5.86922109e-1;6.66805029e-1;7.20524967e-1;7.57973433e-1;7.80135512e-1;7.90018618e-1;7.99215138e-1;8.02866459e-1;8.10849488e-1;8.23528826e-1;8.30750465e-1;8.37638259e-1;8.46752584e-1;8.48079085e-1;8.48652363e-1;8.48699212e-1;8.49515438e-1;8.49838018e-1
