sep=;
Export Date/Time;Tue Oct 17 2023 19:01:20 GMT+0000 (Coordinated Universal Time),User Email;nicholasjennings@berkeley.edu,Saved Library Name;Cmy2
Exported From; Saved Library
Index;Original Library Name;Saved Collection Name;Original Color Name;User Color Name;Scan Type;DE00 to Scan;Match Degree;Scan Reference Index;Nix Device;Note;Date Saved;Illuminant;Observer;Measurement Mode;L;a;b;L;c;h;X;Y;Z;sRGB R;sRGB G;sRGB B;HEX;Density Status;Density C;Density M;Density Y;Density K;R400 nm;R410 nm;R420 nm;R430 nm;R440 nm;R450 nm;R460 nm;R470 nm;R480 nm;R490 nm;R500 nm;R510 nm;R520 nm;R530 nm;R540 nm;R550 nm;R560 nm;R570 nm;R580 nm;R590 nm;R600 nm;R610 nm;R620 nm;R630 nm;R640 nm;R650 nm;R660 nm;R670 nm;R680 nm;R690 nm;R700 nm
1;"-";"Cmy2";"-";"010";Scan;"-";"-";"-";Nix Spectro 2;"-";Tue Oct 17 2023 18:57:45 GMT+0000 (Coordinated Universal Time);D50;2;M2;6.10450600e+1;5.74017311e+1;-6.60118756e+0;6.10450600e+1;5.77800520e+1;3.53439815e+2;4.55788584e-1;2.92995145e-1;2.79648979e-1;233;99;161;#e963a1;T;0.18;0.85;0.49;0.46;2.67302006e-1;2.99368322e-1;3.32212031e-1;3.58944505e-1;3.80259335e-1;3.92152309e-1;3.74565780e-1;3.33029181e-1;2.79485345e-1;2.30593473e-1;1.95649534e-1;1.63645446e-1;1.33747876e-1;1.12780556e-1;1.08355582e-1;1.21487550e-1;1.44241259e-1;1.88997179e-1;2.69633681e-1;4.05903637e-1;5.66747129e-1;6.97846711e-1;7.72726536e-1;8.06382537e-1;8.26873064e-1;8.40374708e-1;8.41137171e-1;8.42574656e-1;8.43706429e-1;8.45290601e-1;8.44682872e-1
