sep=;
Export Date/Time;Tue Oct 17 2023 19:01:30 GMT+0000 (Coordinated Universal Time),User Email;nicholasjennings@berkeley.edu,Saved Library Name;Cmy2
Exported From; Saved Library
Index;Original Library Name;Saved Collection Name;Original Color Name;User Color Name;Scan Type;DE00 to Scan;Match Degree;Scan Reference Index;Nix Device;Note;Date Saved;Illuminant;Observer;Measurement Mode;L;a;b;L;c;h;X;Y;Z;sRGB R;sRGB G;sRGB B;HEX;Density Status;Density C;Density M;Density Y;Density K;R400 nm;R410 nm;R420 nm;R430 nm;R440 nm;R450 nm;R460 nm;R470 nm;R480 nm;R490 nm;R500 nm;R510 nm;R520 nm;R530 nm;R540 nm;R550 nm;R560 nm;R570 nm;R580 nm;R590 nm;R600 nm;R610 nm;R620 nm;R630 nm;R640 nm;R650 nm;R660 nm;R670 nm;R680 nm;R690 nm;R700 nm
1;"-";"Cmy2";"-";"011";Scan;"-";"-";"-";Nix Spectro 2;"-";Tue Oct 17 2023 18:58:10 GMT+0000 (Coordinated Universal Time);D50;2;M2;6.32153225e+1;4.57623429e+1;2.98304922e+1;6.32153225e+1;5.46264614e+1;3.30985908e+1;4.47814418e-1;3.18459065e-1;1.25472764e-1;235;116;103;#eb7467;T;0.17;0.76;0.80;0.43;1.00068800e-1;9.75030512e-2;1.01543367e-1;1.08698174e-1;1.21831208e-1;1.35944620e-1;1.56977251e-1;1.81388676e-1;1.99804634e-1;2.10344225e-1;2.08855167e-1;1.92456484e-1;1.67985260e-1;1.49284452e-1;1.44644096e-1;1.59752771e-1;1.85726464e-1;2.35007122e-1;3.16257596e-1;4.44398522e-1;5.88476181e-1;7.06135690e-1;7.76905715e-1;8.10743451e-1;8.31949413e-1;8.46103013e-1;8.46891642e-1;8.48760486e-1;8.49802077e-1;8.51251841e-1;8.52392375e-1
