sep=;
Export Date/Time;Tue Oct 17 2023 19:19:15 GMT+0000 (Coordinated Universal Time),User Email;nicholasjennings@berkeley.edu,Saved Library Name;Tests
Exported From; Saved Library
Index;Original Library Name;Saved Collection Name;Original Color Name;User Color Name;Scan Type;DE00 to Scan;Match Degree;Scan Reference Index;Nix Device;Note;Date Saved;Illuminant;Observer;Measurement Mode;L;a;b;L;c;h;X;Y;Z;sRGB R;sRGB G;sRGB B;HEX;Density Status;Density C;Density M;Density Y;Density K;R400 nm;R410 nm;R420 nm;R430 nm;R440 nm;R450 nm;R460 nm;R470 nm;R480 nm;R490 nm;R500 nm;R510 nm;R520 nm;R530 nm;R540 nm;R550 nm;R560 nm;R570 nm;R580 nm;R590 nm;R600 nm;R610 nm;R620 nm;R630 nm;R640 nm;R650 nm;R660 nm;R670 nm;R680 nm;R690 nm;R700 nm
1;"-";"Tests";"-";"10 10 10";Scan;"-";"-";"-";Nix Spectro 2;"-";Tue Oct 17 2023 19:18:35 GMT+0000 (Coordinated Universal Time);D50;2;M2;8.48812764e+1;1.79706261e+0;-3.32001183e+0;8.48812764e+1;3.77517054e+0;2.98425885e+2;6.42106827e-1;6.57745276e-1;5.74456429e-1;213;211;218;#d5d3da;T;0.17;0.18;0.16;0.18;4.30591196e-1;5.18888712e-1;6.11500621e-1;6.55664325e-1;6.82793438e-1;7.03025222e-1;7.16681600e-1;7.23234892e-1;7.26834536e-1;7.28195250e-1;7.23657489e-1;7.07080424e-1;6.80516481e-1;6.49517119e-1;6.34023249e-1;6.27873540e-1;6.25281394e-1;6.30026877e-1;6.36798143e-1;6.48364007e-1;6.56358302e-1;6.67829871e-1;6.84311688e-1;6.97767138e-1;7.09040403e-1;7.24470019e-1;7.32167244e-1;7.40869701e-1;7.49264538e-1;7.56022751e-1;7.63118744e-1
