sep=;
Export Date/Time;Tue Oct 24 2023 19:47:24 GMT+0000 (Coordinated Universal Time),User Email;nicholasjennings@berkeley.edu,Saved Library Name;Metamers 
Exported From; Saved Library
Index;Original Library Name;Saved Collection Name;Original Color Name;User Color Name;Scan Type;DE00 to Scan;Match Degree;Scan Reference Index;Nix Device;Note;Date Saved;Illuminant;Observer;Measurement Mode;L;a;b;L;c;h;X;Y;Z;sRGB R;sRGB G;sRGB B;HEX;Density Status;Density C;Density M;Density Y;Density K;R400 nm;R410 nm;R420 nm;R430 nm;R440 nm;R450 nm;R460 nm;R470 nm;R480 nm;R490 nm;R500 nm;R510 nm;R520 nm;R530 nm;R540 nm;R550 nm;R560 nm;R570 nm;R580 nm;R590 nm;R600 nm;R610 nm;R620 nm;R630 nm;R640 nm;R650 nm;R660 nm;R670 nm;R680 nm;R690 nm;R700 nm
1;"-";"10/24";"-";"100 00 40";Scan;"-";"-";"-";Nix Spectro 2;"-";Tue Oct 24 2023 19:46:45 GMT+0000 (Coordinated Universal Time);D50;2;M2;5.27756770e+1;-2.68814533e+1;-1.51743033e+1;5.27756770e+1;3.08686250e+1;2.09444280e+2;1.51097998e-1;2.08415807e-1;2.46823009e-1;33;139;151;#218b97;T;0.94;0.54;0.51;0.74;1.48025259e-1;1.72663435e-1;1.95156500e-1;2.13950410e-1;2.41036355e-1;2.69904941e-1;3.07753623e-1;3.49085242e-1;3.90132308e-1;4.27397400e-1;4.38839793e-1;4.09708619e-1;3.52652729e-1;3.00464183e-1;2.44711503e-1;1.97072640e-1;1.57961503e-1;1.32589579e-1;1.17889546e-1;1.10132314e-1;1.07796952e-1;1.10691480e-1;1.18323602e-1;1.27818421e-1;1.35382324e-1;1.45733237e-1;1.52249262e-1;1.60727158e-1;1.71732783e-1;1.81293592e-1;1.89512208e-1
