sep=;
Export Date/Time;Tue Oct 17 2023 19:01:58 GMT+0000 (Coordinated Universal Time),User Email;nicholasjennings@berkeley.edu,Saved Library Name;Cmy2
Exported From; Saved Library
Index;Original Library Name;Saved Collection Name;Original Color Name;User Color Name;Scan Type;DE00 to Scan;Match Degree;Scan Reference Index;Nix Device;Note;Date Saved;Illuminant;Observer;Measurement Mode;L;a;b;L;c;h;X;Y;Z;sRGB R;sRGB G;sRGB B;HEX;Density Status;Density C;Density M;Density Y;Density K;R400 nm;R410 nm;R420 nm;R430 nm;R440 nm;R450 nm;R460 nm;R470 nm;R480 nm;R490 nm;R500 nm;R510 nm;R520 nm;R530 nm;R540 nm;R550 nm;R560 nm;R570 nm;R580 nm;R590 nm;R600 nm;R610 nm;R620 nm;R630 nm;R640 nm;R650 nm;R660 nm;R670 nm;R680 nm;R690 nm;R700 nm
1;"-";"Cmy2";"-";"110";Scan;"-";"-";"-";Nix Spectro 2;"-";Tue Oct 17 2023 18:59:19 GMT+0000 (Coordinated Universal Time);D50;2;M2;4.60360334e+1;1.94500151e+1;-3.91479105e+1;4.60360334e+1;4.37134073e+1;2.96419751e+2;1.82060506e-1;1.52953034e-1;3.21724325e-1;113;99;175;#7163af;T;0.79;0.85;0.43;0.82;2.42866307e-1;2.91843086e-1;3.46072406e-1;3.93585384e-1;4.33815956e-1;4.57147658e-1;4.41894889e-1;3.93539101e-1;3.29124957e-1;2.69856483e-1;2.27277771e-1;1.87837243e-1;1.49580866e-1;1.21764302e-1;1.11892067e-1;1.15852542e-1;1.22745275e-1;1.32101551e-1;1.38823047e-1;1.45877525e-1;1.50718555e-1;1.57536566e-1;1.68768600e-1;1.81742966e-1;1.91937730e-1;2.05083206e-1;2.13645861e-1;2.25612983e-1;2.39989430e-1;2.51177371e-1;2.59487152e-1
