sep=;
Export Date/Time;Tue Oct 17 2023 19:19:57 GMT+0000 (Coordinated Universal Time),User Email;nicholasjennings@berkeley.edu,Saved Library Name;Tests
Exported From; Saved Library
Index;Original Library Name;Saved Collection Name;Original Color Name;User Color Name;Scan Type;DE00 to Scan;Match Degree;Scan Reference Index;Nix Device;Note;Date Saved;Illuminant;Observer;Measurement Mode;L;a;b;L;c;h;X;Y;Z;sRGB R;sRGB G;sRGB B;HEX;Density Status;Density C;Density M;Density Y;Density K;R400 nm;R410 nm;R420 nm;R430 nm;R440 nm;R450 nm;R460 nm;R470 nm;R480 nm;R490 nm;R500 nm;R510 nm;R520 nm;R530 nm;R540 nm;R550 nm;R560 nm;R570 nm;R580 nm;R590 nm;R600 nm;R610 nm;R620 nm;R630 nm;R640 nm;R650 nm;R660 nm;R670 nm;R680 nm;R690 nm;R700 nm
1;"-";"Tests";"-";"25 00 50";Scan;"-";"-";"-";Nix Spectro 2;"-";Tue Oct 17 2023 19:17:33 GMT+0000 (Coordinated Universal Time);D50;2;M2;7.94532367e+1;-1.58407009e+1;2.56794492e+1;7.94532367e+1;3.01722043e+1;1.21668898e+2;4.77552025e-1;5.57183196e-1;2.76398219e-1;181;205;148;#b5cd94;T;0.31;0.21;0.46;0.26;1.89585105e-1;2.10898831e-1;2.34665632e-1;2.49950036e-1;2.67541379e-1;2.89546341e-1;3.23361218e-1;3.64655018e-1;4.16113913e-1;4.81140256e-1;5.45536339e-1;6.03841186e-1;6.37057185e-1;6.49669349e-1;6.40107334e-1;6.10213220e-1;5.72830737e-1;5.36945581e-1;5.08018434e-1;4.89595264e-1;4.79626268e-1;4.83161032e-1;4.99903560e-1;5.19999444e-1;5.36451101e-1;5.58779657e-1;5.67419410e-1;5.77013254e-1;5.89994013e-1;6.05179667e-1;6.26301050e-1
