sep=;
Export Date/Time;Tue Oct 17 2023 19:20:26 GMT+0000 (Coordinated Universal Time),User Email;nicholasjennings@berkeley.edu,Saved Library Name;Tests
Exported From; Saved Library
Index;Original Library Name;Saved Collection Name;Original Color Name;User Color Name;Scan Type;DE00 to Scan;Match Degree;Scan Reference Index;Nix Device;Note;Date Saved;Illuminant;Observer;Measurement Mode;L;a;b;L;c;h;X;Y;Z;sRGB R;sRGB G;sRGB B;HEX;Density Status;Density C;Density M;Density Y;Density K;R400 nm;R410 nm;R420 nm;R430 nm;R440 nm;R450 nm;R460 nm;R470 nm;R480 nm;R490 nm;R500 nm;R510 nm;R520 nm;R530 nm;R540 nm;R550 nm;R560 nm;R570 nm;R580 nm;R590 nm;R600 nm;R610 nm;R620 nm;R630 nm;R640 nm;R650 nm;R660 nm;R670 nm;R680 nm;R690 nm;R700 nm
1;"-";"Tests";"-";"33 66 100";Scan;"-";"-";"-";Nix Spectro 2;"-";Tue Oct 17 2023 19:16:49 GMT+0000 (Coordinated Universal Time);D50;2;M2;6.04112722e+1;2.08133412e+1;2.75329895e+1;6.04112722e+1;3.45146445e+1;5.29128367e+1;3.31216061e-1;2.85823757e-1;1.16737389e-1;191;131;98;#bf8362;T;0.36;0.67;0.82;0.50;9.55996886e-2;9.99335125e-2;1.02100648e-1;1.03668876e-1;1.07675433e-1;1.17188610e-1;1.35967568e-1;1.61385819e-1;1.89430788e-1;2.17418358e-1;2.34838009e-1;2.32484192e-1;2.13187456e-1;1.96390390e-1;1.91065371e-1;2.06496254e-1;2.32064128e-1;2.73290426e-1;3.21086735e-1;3.74687880e-1;4.12941158e-1;4.39101875e-1;4.64875787e-1;4.88998681e-1;5.07449806e-1;5.29473662e-1;5.30844748e-1;5.32839835e-1;5.43546796e-1;5.62848747e-1;5.92392862e-1
