sep=;
Export Date/Time;Tue Oct 17 2023 19:20:18 GMT+0000 (Coordinated Universal Time),User Email;nicholasjennings@berkeley.edu,Saved Library Name;Tests
Exported From; Saved Library
Index;Original Library Name;Saved Collection Name;Original Color Name;User Color Name;Scan Type;DE00 to Scan;Match Degree;Scan Reference Index;Nix Device;Note;Date Saved;Illuminant;Observer;Measurement Mode;L;a;b;L;c;h;X;Y;Z;sRGB R;sRGB G;sRGB B;HEX;Density Status;Density C;Density M;Density Y;Density K;R400 nm;R410 nm;R420 nm;R430 nm;R440 nm;R450 nm;R460 nm;R470 nm;R480 nm;R490 nm;R500 nm;R510 nm;R520 nm;R530 nm;R540 nm;R550 nm;R560 nm;R570 nm;R580 nm;R590 nm;R600 nm;R610 nm;R620 nm;R630 nm;R640 nm;R650 nm;R660 nm;R670 nm;R680 nm;R690 nm;R700 nm
1;"-";"Tests";"-";"33 60 00";Scan;"-";"-";"-";Nix Spectro 2;"-";Tue Oct 17 2023 19:15:39 GMT+0000 (Coordinated Universal Time);D50;2;M2;5.35894256e+1;2.80422238e+1;-2.29415926e+1;5.35894256e+1;3.62309672e+1;3.20713096e+2;2.72191354e-1;2.15901564e-1;3.01150894e-1;161;110;168;#a16ea8;T;0.52;0.78;0.45;0.64;2.50928402e-1;3.01417351e-1;3.39959979e-1;3.66114408e-1;3.90527904e-1;4.09653217e-1;4.04905319e-1;3.76156598e-1;3.28597307e-1;2.79327899e-1;2.40500659e-1;2.02849060e-1;1.66597605e-1;1.40688479e-1;1.33692205e-1;1.44252539e-1;1.62077665e-1;1.90843329e-1;2.22748950e-1;2.57600427e-1;2.82798260e-1;3.02819639e-1;3.25623691e-1;3.49860489e-1;3.68747681e-1;3.93705577e-1;4.08475697e-1;4.26184922e-1;4.47113752e-1;4.65755552e-1;4.82681245e-1
