sep=;
Export Date/Time;Tue Oct 17 2023 19:20:43 GMT+0000 (Coordinated Universal Time),User Email;nicholasjennings@berkeley.edu,Saved Library Name;Tests
Exported From; Saved Library
Index;Original Library Name;Saved Collection Name;Original Color Name;User Color Name;Scan Type;DE00 to Scan;Match Degree;Scan Reference Index;Nix Device;Note;Date Saved;Illuminant;Observer;Measurement Mode;L;a;b;L;c;h;X;Y;Z;sRGB R;sRGB G;sRGB B;HEX;Density Status;Density C;Density M;Density Y;Density K;R400 nm;R410 nm;R420 nm;R430 nm;R440 nm;R450 nm;R460 nm;R470 nm;R480 nm;R490 nm;R500 nm;R510 nm;R520 nm;R530 nm;R540 nm;R550 nm;R560 nm;R570 nm;R580 nm;R590 nm;R600 nm;R610 nm;R620 nm;R630 nm;R640 nm;R650 nm;R660 nm;R670 nm;R680 nm;R690 nm;R700 nm
1;"-";"Tests";"-";"50 25 10";Scan;"-";"-";"-";Nix Spectro 2;"-";Tue Oct 17 2023 19:18:52 GMT+0000 (Coordinated Universal Time);D50;2;M2;6.29100256e+1;-5.05219924e+0;-2.48717663e+1;6.29100256e+1;2.53797060e+1;2.58517739e+2;2.90202292e-1;3.14791201e-1;4.29866087e-1;121;156;196;#799cc4;T;0.60;0.45;0.29;0.53;2.83504546e-1;3.45991910e-1;4.15764481e-1;4.63079363e-1;5.03345966e-1;5.36764920e-1;5.60337961e-1;5.68544269e-1;5.59519947e-1;5.39975941e-1;5.10150731e-1;4.61349547e-1;4.00250971e-1;3.49188000e-1;3.14819098e-1;2.93381304e-1;2.74126202e-1;2.59491920e-1;2.47112453e-1;2.40707040e-1;2.38246933e-1;2.43237719e-1;2.56856501e-1;2.73876846e-1;2.87563056e-1;3.06600004e-1;3.20051014e-1;3.36358249e-1;3.54204208e-1;3.67646754e-1;3.81284893e-1
