sep=;
Export Date/Time;Tue Oct 17 2023 19:20:52 GMT+0000 (Coordinated Universal Time),User Email;nicholasjennings@berkeley.edu,Saved Library Name;Tests
Exported From; Saved Library
Index;Original Library Name;Saved Collection Name;Original Color Name;User Color Name;Scan Type;DE00 to Scan;Match Degree;Scan Reference Index;Nix Device;Note;Date Saved;Illuminant;Observer;Measurement Mode;L;a;b;L;c;h;X;Y;Z;sRGB R;sRGB G;sRGB B;HEX;Density Status;Density C;Density M;Density Y;Density K;R400 nm;R410 nm;R420 nm;R430 nm;R440 nm;R450 nm;R460 nm;R470 nm;R480 nm;R490 nm;R500 nm;R510 nm;R520 nm;R530 nm;R540 nm;R550 nm;R560 nm;R570 nm;R580 nm;R590 nm;R600 nm;R610 nm;R620 nm;R630 nm;R640 nm;R650 nm;R660 nm;R670 nm;R680 nm;R690 nm;R700 nm
1;"-";"Tests";"-";"66 66 66";Scan;"-";"-";"-";Nix Spectro 2;"-";Tue Oct 17 2023 19:18:11 GMT+0000 (Coordinated Universal Time);D50;2;M2;4.02833388e+1;1.75354251e+0;4.63453104e+0;4.02833388e+1;4.95517803e+0;6.92751314e+1;1.12544747e-1;1.14226163e-1;8.13899713e-2;100;94;87;#645e57;T;0.91;0.96;0.99;0.94;6.73410743e-2;6.72987178e-2;6.91216141e-2;7.34814629e-2;8.21937174e-2;9.07680765e-2;1.01588950e-1;1.13790281e-1;1.23808391e-1;1.30937979e-1;1.32458106e-1;1.26365989e-1;1.14282697e-1;1.05093084e-1;1.00961789e-1;1.03062943e-1;1.06419951e-1;1.10797763e-1;1.12571999e-1;1.15270786e-1;1.17467068e-1;1.21333160e-1;1.28167108e-1;1.35808080e-1;1.41792923e-1;1.49648100e-1;1.53098181e-1;1.57649428e-1;1.64308906e-1;1.71889052e-1;1.80396169e-1
