sep=;
Export Date/Time;Tue Oct 17 2023 19:21:00 GMT+0000 (Coordinated Universal Time),User Email;nicholasjennings@berkeley.edu,Saved Library Name;Tests
Exported From; Saved Library
Index;Original Library Name;Saved Collection Name;Original Color Name;User Color Name;Scan Type;DE00 to Scan;Match Degree;Scan Reference Index;Nix Device;Note;Date Saved;Illuminant;Observer;Measurement Mode;L;a;b;L;c;h;X;Y;Z;sRGB R;sRGB G;sRGB B;HEX;Density Status;Density C;Density M;Density Y;Density K;R400 nm;R410 nm;R420 nm;R430 nm;R440 nm;R450 nm;R460 nm;R470 nm;R480 nm;R490 nm;R500 nm;R510 nm;R520 nm;R530 nm;R540 nm;R550 nm;R560 nm;R570 nm;R580 nm;R590 nm;R600 nm;R610 nm;R620 nm;R630 nm;R640 nm;R650 nm;R660 nm;R670 nm;R680 nm;R690 nm;R700 nm
1;"-";"Tests";"-";"90 90 100";Scan;"-";"-";"-";Nix Spectro 2;"-";Tue Oct 17 2023 19:16:26 GMT+0000 (Coordinated Universal Time);D50;2;M2;2.71758501e+1;1.53947191e+0;3.43733635e+0;2.71758501e+1;3.76633176e+0;6.58739341e+1;5.09633757e-2;5.15642524e-2;3.69248712e-2;68;63;59;#443f3b;T;1.26;1.30;1.34;1.28;3.41311283e-2;3.93429548e-2;4.09685522e-2;4.17660549e-2;4.16522883e-2;4.30088677e-2;4.49867509e-2;4.71856371e-2;4.86667454e-2;4.99640815e-2;5.05661592e-2;5.03956676e-2;4.92697433e-2;4.90506366e-2;4.90564480e-2;4.95353714e-2;5.02397940e-2;5.15652373e-2;5.20316288e-2;5.32097183e-2;5.40886410e-2;5.51883206e-2;5.67860939e-2;5.83311245e-2;5.95341884e-2;6.12621643e-2;6.20111935e-2;6.31744489e-2;6.44629896e-2;6.56377003e-2;6.71145692e-2
