sep=;
Export Date/Time;Tue Oct 17 2023 19:01:42 GMT+0000 (Coordinated Universal Time),User Email;nicholasjennings@berkeley.edu,Saved Library Name;Cmy2
Exported From; Saved Library
Index;Original Library Name;Saved Collection Name;Original Color Name;User Color Name;Scan Type;DE00 to Scan;Match Degree;Scan Reference Index;Nix Device;Note;Date Saved;Illuminant;Observer;Measurement Mode;L;a;b;L;c;h;X;Y;Z;sRGB R;sRGB G;sRGB B;HEX;Density Status;Density C;Density M;Density Y;Density K;R400 nm;R410 nm;R420 nm;R430 nm;R440 nm;R450 nm;R460 nm;R470 nm;R480 nm;R490 nm;R500 nm;R510 nm;R520 nm;R530 nm;R540 nm;R550 nm;R560 nm;R570 nm;R580 nm;R590 nm;R600 nm;R610 nm;R620 nm;R630 nm;R640 nm;R650 nm;R660 nm;R670 nm;R680 nm;R690 nm;R700 nm
1;"-";"Cmy2";"-";"100";Scan;"-";"-";"-";Nix Spectro 2;"-";Tue Oct 17 2023 18:58:26 GMT+0000 (Coordinated Universal Time);D50;2;M2;5.38679855e+1;-1.53612765e+1;-4.32201071e+1;5.38679855e+1;4.58687963e+1;2.50433786e+2;1.80063084e-1;2.18504657e-1;4.52354033e-1;0;139;203;#008bcb;T;0.97;0.53;0.26;0.73;2.19312161e-1;2.83070773e-1;3.71337116e-1;4.45004165e-1;5.20359755e-1;5.77138245e-1;6.14496708e-1;6.23949707e-1;6.07673526e-1;5.75676918e-1;5.26797295e-1;4.52516854e-1;3.67684841e-1;2.97352552e-1;2.36422896e-1;1.87701687e-1;1.48711473e-1;1.24145947e-1;1.10295504e-1;1.03220657e-1;1.01027928e-1;1.03421040e-1;1.10044584e-1;1.18526116e-1;1.25348136e-1;1.35059789e-1;1.42514855e-1;1.52109474e-1;1.62943810e-1;1.70969903e-1;1.77473858e-1
