sep=;
Export Date/Time;Tue Oct 17 2023 19:01:50 GMT+0000 (Coordinated Universal Time),User Email;nicholasjennings@berkeley.edu,Saved Library Name;Cmy2
Exported From; Saved Library
Index;Original Library Name;Saved Collection Name;Original Color Name;User Color Name;Scan Type;DE00 to Scan;Match Degree;Scan Reference Index;Nix Device;Note;Date Saved;Illuminant;Observer;Measurement Mode;L;a;b;L;c;h;X;Y;Z;sRGB R;sRGB G;sRGB B;HEX;Density Status;Density C;Density M;Density Y;Density K;R400 nm;R410 nm;R420 nm;R430 nm;R440 nm;R450 nm;R460 nm;R470 nm;R480 nm;R490 nm;R500 nm;R510 nm;R520 nm;R530 nm;R540 nm;R550 nm;R560 nm;R570 nm;R580 nm;R590 nm;R600 nm;R610 nm;R620 nm;R630 nm;R640 nm;R650 nm;R660 nm;R670 nm;R680 nm;R690 nm;R700 nm
1;"-";"Cmy2";"-";"101";Scan;"-";"-";"-";Nix Spectro 2;"-";Tue Oct 17 2023 18:58:47 GMT+0000 (Coordinated Universal Time);D50;2;M2;5.45647146e+1;-2.98045114e+1;1.21304360e+1;5.45647146e+1;3.21785080e+1;1.57853677e+2;1.59293767e-1;2.25106897e-1;1.35552596e-1;74;144;108;#4a906c;T;0.85;0.52;0.75;0.68;9.08667743e-2;8.91477242e-2;9.19290558e-2;9.81728211e-2;1.12444773e-1;1.27690092e-1;1.52789310e-1;1.86457649e-1;2.31693849e-1;2.89709449e-1;3.42475414e-1;3.68752688e-1;3.55283618e-1;3.33515078e-1;2.88703829e-1;2.40769967e-1;1.98382601e-1;1.68509528e-1;1.49768665e-1;1.39444888e-1;1.35666803e-1;1.38498142e-1;1.47484899e-1;1.58668652e-1;1.67555779e-1;1.79448083e-1;1.84761256e-1;1.91532299e-1;2.02598140e-1;2.15611130e-1;2.30523854e-1
