sep=;
Export Date/Time;Tue Oct 17 2023 19:02:09 GMT+0000 (Coordinated Universal Time),User Email;nicholasjennings@berkeley.edu,Saved Library Name;Cmy2
Exported From; Saved Library
Index;Original Library Name;Saved Collection Name;Original Color Name;User Color Name;Scan Type;DE00 to Scan;Match Degree;Scan Reference Index;Nix Device;Note;Date Saved;Illuminant;Observer;Measurement Mode;L;a;b;L;c;h;X;Y;Z;sRGB R;sRGB G;sRGB B;HEX;Density Status;Density C;Density M;Density Y;Density K;R400 nm;R410 nm;R420 nm;R430 nm;R440 nm;R450 nm;R460 nm;R470 nm;R480 nm;R490 nm;R500 nm;R510 nm;R520 nm;R530 nm;R540 nm;R550 nm;R560 nm;R570 nm;R580 nm;R590 nm;R600 nm;R610 nm;R620 nm;R630 nm;R640 nm;R650 nm;R660 nm;R670 nm;R680 nm;R690 nm;R700 nm
1;"-";"Cmy2";"-";"111";Scan;"-";"-";"-";Nix Spectro 2;"-";Tue Oct 17 2023 18:59:51 GMT+0000 (Coordinated Universal Time);D50;2;M2;2.35480904e+1;1.39486815e+0;2.63873181e+0;2.35480904e+1;2.98472154e+0;6.21384840e+1;3.91558288e-2;3.96280396e-2;2.90499571e-2;59;55;52;#3b3734;T;1.37;1.42;1.45;1.40;3.20414528e-2;3.47526111e-2;3.52472663e-2;3.56058814e-2;3.39766257e-2;3.39372866e-2;3.46137136e-2;3.57782245e-2;3.67092863e-2;3.73699702e-2;3.75272594e-2;3.78162898e-2;3.77068892e-2;3.80895808e-2;3.81792821e-2;3.84941436e-2;3.90251800e-2;4.01510708e-2;4.03220356e-2;4.09051441e-2;4.15798239e-2;4.22466882e-2;4.30207625e-2;4.38057296e-2;4.44330052e-2;4.53561991e-2;4.58572656e-2;4.66304161e-2;4.70522903e-2;4.69796509e-2;4.80369069e-2
