sep=;
Export Date/Time;Tue Oct 17 2023 19:20:09 GMT+0000 (Coordinated Universal Time),User Email;nicholasjennings@berkeley.edu,Saved Library Name;Tests
Exported From; Saved Library
Index;Original Library Name;Saved Collection Name;Original Color Name;User Color Name;Scan Type;DE00 to Scan;Match Degree;Scan Reference Index;Nix Device;Note;Date Saved;Illuminant;Observer;Measurement Mode;L;a;b;L;c;h;X;Y;Z;sRGB R;sRGB G;sRGB B;HEX;Density Status;Density C;Density M;Density Y;Density K;R400 nm;R410 nm;R420 nm;R430 nm;R440 nm;R450 nm;R460 nm;R470 nm;R480 nm;R490 nm;R500 nm;R510 nm;R520 nm;R530 nm;R540 nm;R550 nm;R560 nm;R570 nm;R580 nm;R590 nm;R600 nm;R610 nm;R620 nm;R630 nm;R640 nm;R650 nm;R660 nm;R670 nm;R680 nm;R690 nm;R700 nm
1;"-";"Tests";"-";"33 33 33";Scan;"-";"-";"-";Nix Spectro 2;"-";Tue Oct 17 2023 19:17:52 GMT+0000 (Coordinated Universal Time);D50;2;M2;6.49572588e+1;2.30264936e+0;-1.60030139e-2;6.49572588e+1;2.30270497e+0;3.59601811e+2;3.34301772e-1;3.39933069e-1;2.80612663e-1;162;156;158;#a29c9e;T;0.45;0.47;0.46;0.47;2.12818965e-1;2.38073274e-1;2.63651013e-1;2.80612260e-1;2.98791826e-1;3.21968019e-1;3.51697087e-1;3.80917996e-1;4.03018445e-1;4.18754041e-1;4.19369936e-1;3.96191746e-1;3.55789512e-1;3.21304083e-1;3.03013504e-1;3.03467989e-1;3.08956563e-1;3.19067419e-1;3.25591713e-1;3.34416628e-1;3.40555996e-1;3.50946486e-1;3.69833052e-1;3.91965210e-1;4.09640759e-1;4.33719695e-1;4.46047068e-1;4.59949285e-1;4.76737738e-1;4.93486345e-1;5.15153706e-1
