sep=;
Export Date/Time;Tue Oct 17 2023 19:20:34 GMT+0000 (Coordinated Universal Time),User Email;nicholasjennings@berkeley.edu,Saved Library Name;Tests
Exported From; Saved Library
Index;Original Library Name;Saved Collection Name;Original Color Name;User Color Name;Scan Type;DE00 to Scan;Match Degree;Scan Reference Index;Nix Device;Note;Date Saved;Illuminant;Observer;Measurement Mode;L;a;b;L;c;h;X;Y;Z;sRGB R;sRGB G;sRGB B;HEX;Density Status;Density C;Density M;Density Y;Density K;R400 nm;R410 nm;R420 nm;R430 nm;R440 nm;R450 nm;R460 nm;R470 nm;R480 nm;R490 nm;R500 nm;R510 nm;R520 nm;R530 nm;R540 nm;R550 nm;R560 nm;R570 nm;R580 nm;R590 nm;R600 nm;R610 nm;R620 nm;R630 nm;R640 nm;R650 nm;R660 nm;R670 nm;R680 nm;R690 nm;R700 nm
1;"-";"Tests";"-";"50 00 100";Scan;"-";"-";"-";Nix Spectro 2;"-";Tue Oct 17 2023 19:17:14 GMT+0000 (Coordinated Universal Time);D50;2;M2;6.87792097e+1;-2.06955189e+1;4.28391661e+1;6.87792097e+1;4.75762404e+1;1.15785099e+2;3.16017644e-1;3.90385900e-1;1.13809248e-1;150;178;86;#96b256;T;0.49;0.35;0.83;0.41;8.08832645e-2;8.48552585e-2;8.75465870e-2;8.98307934e-2;9.43285376e-2;1.02613039e-1;1.19696617e-1;1.44457534e-1;1.79368898e-1;2.28754669e-1;2.90481746e-1;3.71770829e-1;4.43433732e-1;4.95972902e-1;5.08327305e-1;4.78320956e-1;4.32204872e-1;3.84392798e-1;3.46753061e-1;3.22409898e-1;3.09705853e-1;3.10718149e-1;3.25246006e-1;3.44992399e-1;3.61003876e-1;3.82674962e-1;3.87492508e-1;3.92018199e-1;4.03809786e-1;4.22113985e-1;4.54413354e-1
