sep=;
Export Date/Time;Thu Dec 07 2023 18:41:11 GMT+0000 (Coordinated Universal Time),User Email;nicholasjennings@berkeley.edu,Saved Library Name;Inks
Exported From; Saved Library
Index;Original Library Name;Saved Collection Name;Original Color Name;User Color Name;Scan Type;DE00 to Scan;Match Degree;Scan Reference Index;Nix Device;Note;Date Saved;Illuminant;Observer;Measurement Mode;L;a;b;L;c;h;X;Y;Z;sRGB R;sRGB G;sRGB B;HEX;Density Status;Density C;Density M;Density Y;Density K;R400 nm;R410 nm;R420 nm;R430 nm;R440 nm;R450 nm;R460 nm;R470 nm;R480 nm;R490 nm;R500 nm;R510 nm;R520 nm;R530 nm;R540 nm;R550 nm;R560 nm;R570 nm;R580 nm;R590 nm;R600 nm;R610 nm;R620 nm;R630 nm;R640 nm;R650 nm;R660 nm;R670 nm;R680 nm;R690 nm;R700 nm
1;"-";"12/7";"-";"Cheshire cat";Scan;"-";"-";"-";Nix Spectro 2;"-";Thu Dec 07 2023 18:38:21 GMT+0000 (Coordinated Universal Time);D50;2;M2;6.33631385e+1;4.77913825e+1;-1.95785679e+1;6.33631385e+1;5.16462638e+1;3.37722691e+2;4.57128743e-1;3.20245130e-1;3.94712683e-1;221;117;190;#dd75be;T;0.23;0.68;0.34;0.44;3.65690053e-1;4.48218584e-1;5.33393145e-1;5.85067570e-1;5.73562682e-1;5.53033113e-1;4.97595340e-1;4.23923016e-1;3.56178761e-1;3.06684017e-1;2.66194761e-1;2.24237442e-1;2.05054387e-1;2.02482313e-1;2.07674056e-1;1.93578601e-1;1.79947481e-1;1.97791383e-1;2.64652222e-1;3.81238967e-1;5.12793124e-1;6.23151660e-1;6.96928203e-1;7.39218771e-1;7.67364204e-1;7.94232070e-1;8.11696351e-1;8.28476131e-1;8.40283811e-1;8.49006474e-1;8.50649416e-1
