sep=;
Export Date/Time;Thu Dec 07 2023 18:41:47 GMT+0000 (Coordinated Universal Time),User Email;nicholasjennings@berkeley.edu,Saved Library Name;Inks
Exported From; Saved Library
Index;Original Library Name;Saved Collection Name;Original Color Name;User Color Name;Scan Type;DE00 to Scan;Match Degree;Scan Reference Index;Nix Device;Note;Date Saved;Illuminant;Observer;Measurement Mode;L;a;b;L;c;h;X;Y;Z;sRGB R;sRGB G;sRGB B;HEX;Density Status;Density C;Density M;Density Y;Density K;R400 nm;R410 nm;R420 nm;R430 nm;R440 nm;R450 nm;R460 nm;R470 nm;R480 nm;R490 nm;R500 nm;R510 nm;R520 nm;R530 nm;R540 nm;R550 nm;R560 nm;R570 nm;R580 nm;R590 nm;R600 nm;R610 nm;R620 nm;R630 nm;R640 nm;R650 nm;R660 nm;R670 nm;R680 nm;R690 nm;R700 nm
1;"-";"12/7";"-";"Media beliar ";Scan;"-";"-";"-";Nix Spectro 2;"-";Thu Dec 07 2023 18:39:27 GMT+0000 (Coordinated Universal Time);D50;2;M2;4.60944058e+1;3.86403526e+1;-4.02025708e+1;4.60944058e+1;5.57613087e+1;3.13864872e+2;2.21645464e-1;1.53385200e-1;3.29416702e-1;145;84;178;#9154b2;T;0.68;0.94;0.42;0.79;1.78806856e-1;2.54332155e-1;3.45971167e-1;4.19021547e-1;4.52102005e-1;4.67884094e-1;4.52014983e-1;4.06808138e-1;3.40305418e-1;2.71446198e-1;2.10588142e-1;1.55306816e-1;1.17447875e-1;9.43546817e-2;8.90786722e-2;8.96887034e-2;9.19467509e-2;1.00599982e-1;1.16588622e-1;1.40748024e-1;1.64464891e-1;1.91784844e-1;2.37835884e-1;3.10400039e-1;3.71201932e-1;4.79065508e-1;5.98605335e-1;7.02209175e-1;7.65546262e-1;7.99644411e-1;7.93366671e-1
