sep=;
Export Date/Time;Thu Dec 07 2023 18:41:55 GMT+0000 (Coordinated Universal Time),User Email;nicholasjennings@berkeley.edu,Saved Library Name;Inks
Exported From; Saved Library
Index;Original Library Name;Saved Collection Name;Original Color Name;User Color Name;Scan Type;DE00 to Scan;Match Degree;Scan Reference Index;Nix Device;Note;Date Saved;Illuminant;Observer;Measurement Mode;L;a;b;L;c;h;X;Y;Z;sRGB R;sRGB G;sRGB B;HEX;Density Status;Density C;Density M;Density Y;Density K;R400 nm;R410 nm;R420 nm;R430 nm;R440 nm;R450 nm;R460 nm;R470 nm;R480 nm;R490 nm;R500 nm;R510 nm;R520 nm;R530 nm;R540 nm;R550 nm;R560 nm;R570 nm;R580 nm;R590 nm;R600 nm;R610 nm;R620 nm;R630 nm;R640 nm;R650 nm;R660 nm;R670 nm;R680 nm;R690 nm;R700 nm
1;"-";"12/7";"-";"North African violet";Scan;"-";"-";"-";Nix Spectro 2;"-";Thu Dec 07 2023 18:38:36 GMT+0000 (Coordinated Universal Time);D50;2;M2;4.71129048e+1;4.20245352e+1;-5.13327256e+1;4.71129048e+1;6.63408643e+1;3.09306139e+2;2.38954992e-1;1.61057347e-1;4.23681688e-1;144;84;200;#9054c8;T;0.72;0.90;0.32;0.77;4.66063470e-1;5.80151856e-1;6.61381483e-1;6.88926518e-1;6.47784233e-1;6.11285210e-1;5.34857094e-1;4.34772730e-1;3.26237053e-1;2.31147990e-1;1.73968285e-1;1.44563675e-1;1.27713650e-1;1.18125737e-1;1.15095675e-1;1.15186639e-1;1.17020756e-1;1.22027718e-1;1.25138342e-1;1.30237520e-1;1.41238287e-1;1.70009047e-1;2.24292755e-1;3.02488953e-1;3.66605341e-1;4.71029758e-1;5.86531103e-1;6.93821847e-1;7.67719269e-1;8.13746929e-1;8.15852761e-1
