sep=;
Export Date/Time;Thu Dec 07 2023 18:42:06 GMT+0000 (Coordinated Universal Time),User Email;nicholasjennings@berkeley.edu,Saved Library Name;Inks
Exported From; Saved Library
Index;Original Library Name;Saved Collection Name;Original Color Name;User Color Name;Scan Type;DE00 to Scan;Match Degree;Scan Reference Index;Nix Device;Note;Date Saved;Illuminant;Observer;Measurement Mode;L;a;b;L;c;h;X;Y;Z;sRGB R;sRGB G;sRGB B;HEX;Density Status;Density C;Density M;Density Y;Density K;R400 nm;R410 nm;R420 nm;R430 nm;R440 nm;R450 nm;R460 nm;R470 nm;R480 nm;R490 nm;R500 nm;R510 nm;R520 nm;R530 nm;R540 nm;R550 nm;R560 nm;R570 nm;R580 nm;R590 nm;R600 nm;R610 nm;R620 nm;R630 nm;R640 nm;R650 nm;R660 nm;R670 nm;R680 nm;R690 nm;R700 nm
1;"-";"12/7";"-";"Opportunity";Scan;"-";"-";"-";Nix Spectro 2;"-";Thu Dec 07 2023 18:38:06 GMT+0000 (Coordinated Universal Time);D50;2;M2;5.43093118e+1;5.94173520e+1;-3.57589340e+1;5.43093118e+1;6.93478412e+1;3.28959359e+2;3.67366312e-1;2.22671468e-1;3.99046142e-1;203;80;193;#cb50c1;T;0.34;0.89;0.34;0.59;3.50421548e-1;4.30375993e-1;5.07327139e-1;5.56616187e-1;5.79664707e-1;5.86892664e-1;5.40272593e-1;4.47315276e-1;3.39322925e-1;2.57489204e-1;2.10940987e-1;1.67863131e-1;1.34737551e-1;1.15934812e-1;1.12971820e-1;1.03795998e-1;9.07580554e-2;8.95383209e-2;1.20283067e-1;2.04321206e-1;3.41549546e-1;4.86720532e-1;5.97000897e-1;6.77546561e-1;7.34085023e-1;7.99994469e-1;8.40897143e-1;8.69834244e-1;8.80740821e-1;8.83667350e-1;8.75807881e-1
