sep=;
Export Date/Time;Thu Dec 07 2023 18:42:47 GMT+0000 (Coordinated Universal Time),User Email;nicholasjennings@berkeley.edu,Saved Library Name;Inks
Exported From; Saved Library
Index;Original Library Name;Saved Collection Name;Original Color Name;User Color Name;Scan Type;DE00 to Scan;Match Degree;Scan Reference Index;Nix Device;Note;Date Saved;Illuminant;Observer;Measurement Mode;L;a;b;L;c;h;X;Y;Z;sRGB R;sRGB G;sRGB B;HEX;Density Status;Density C;Density M;Density Y;Density K;R400 nm;R410 nm;R420 nm;R430 nm;R440 nm;R450 nm;R460 nm;R470 nm;R480 nm;R490 nm;R500 nm;R510 nm;R520 nm;R530 nm;R540 nm;R550 nm;R560 nm;R570 nm;R580 nm;R590 nm;R600 nm;R610 nm;R620 nm;R630 nm;R640 nm;R650 nm;R660 nm;R670 nm;R680 nm;R690 nm;R700 nm
1;"-";"12/7";"-";"Robert oster ";Scan;"-";"-";"-";Nix Spectro 2;"-";Thu Dec 07 2023 18:37:48 GMT+0000 (Coordinated Universal Time);D50;2;M2;7.28838186e+1;4.28841632e+1;6.88548450e+0;7.28838186e+1;4.34334129e+1;9.12156316e+0;5.96358440e-1;4.49877367e-1;3.23417683e-1;253;146;169;#fd92a9;T;0.10;0.56;0.43;0.29;3.89667511e-1;4.58926558e-1;4.93799359e-1;4.97182518e-1;4.62001860e-1;4.36774343e-1;3.88904005e-1;3.34141463e-1;2.89704353e-1;2.57935971e-1;2.38639027e-1;2.32657284e-1;2.37001494e-1;2.45996982e-1;2.63594866e-1;2.91670531e-1;3.38079304e-1;4.31135178e-1;5.50082862e-1;6.76108658e-1;7.63796568e-1;8.12839806e-1;8.39291811e-1;8.50430012e-1;8.58954012e-1;8.69826376e-1;8.72346580e-1;8.74878168e-1;8.76597345e-1;8.76807988e-1;8.73589933e-1
