sep=;
Export Date/Time;Thu Dec 07 2023 18:43:41 GMT+0000 (Coordinated Universal Time),User Email;nicholasjennings@berkeley.edu,Saved Library Name;Inks
Exported From; Saved Library
Index;Original Library Name;Saved Collection Name;Original Color Name;User Color Name;Scan Type;DE00 to Scan;Match Degree;Scan Reference Index;Nix Device;Note;Date Saved;Illuminant;Observer;Measurement Mode;L;a;b;L;c;h;X;Y;Z;sRGB R;sRGB G;sRGB B;HEX;Density Status;Density C;Density M;Density Y;Density K;R400 nm;R410 nm;R420 nm;R430 nm;R440 nm;R450 nm;R460 nm;R470 nm;R480 nm;R490 nm;R500 nm;R510 nm;R520 nm;R530 nm;R540 nm;R550 nm;R560 nm;R570 nm;R580 nm;R590 nm;R600 nm;R610 nm;R620 nm;R630 nm;R640 nm;R650 nm;R660 nm;R670 nm;R680 nm;R690 nm;R700 nm
1;"-";"12/7";"-";"Think Pink";Scan;"-";"-";"-";Nix Spectro 2;"-";Thu Dec 07 2023 18:37:11 GMT+0000 (Coordinated Universal Time);D50;2;M2;6.98716874e+1;4.30919623e+1;-8.16384084e+0;6.98716874e+1;4.38584714e+1;3.49272363e+2;5.44298413e-1;4.05672925e-1;3.93252662e-1;238;139;187;#ee8bbb;T;0.13;0.55;0.33;0.35;3.95622194e-1;4.61263627e-1;5.10378301e-1;5.29504955e-1;5.23956299e-1;5.20357549e-1;4.94147420e-1;4.54176515e-1;4.14101362e-1;3.78251761e-1;3.42964947e-1;3.08756173e-1;2.88063318e-1;2.78853714e-1;2.72725821e-1;2.55054832e-1;2.40462273e-1;2.60399133e-1;3.41821820e-1;4.94931847e-1;6.67092860e-1;7.86273718e-1;8.40949059e-1;8.60277176e-1;8.71900737e-1;8.82581830e-1;8.85003567e-1;8.86620760e-1;8.86449933e-1;8.85135233e-1;8.85613978e-1
